SR_NO,UID,NAME,URL,CATEGORIES,APPLICATION,SERIES,LENGTH,WIDTH,INSPIRATION,FINISH,COLOR,R,G,B,SQ.FT.,MINIMAL,BOHEMIAN,ASIAN,ART_MODERNE,FRENCH_COUNTRY,INDUSTRIAL,COASTAL_TROPICAL
25,1025,ALTAS,https://varmora.com/product/floor-tiles/altas/, GVT, WALL & FLOOR, EMPIRE,600,600, GEOMETRIC, RUSTIC, GREY,0.65,0.64,0.62,15.5,0,1,0,0,0,0,0
33,1033,AMAZON ASH,https://varmora.com/product/floor-tiles/amazon-ash/, DOUBLE CHARGE, WALL & FLOOR, ORNATE,600,600, MARBLE, GLOSSY, ASH,0.51,0.49,0.48,15.5,0,0,0,1,0,0,0
34,1034,AMAZON BEIGE,https://varmora.com/product/floor-tiles/amazon-beige/, DOUBLE CHARGE, WALL & FLOOR, ORNATE,600,600, MARBLE, GLOSSY, BEIGE,0.91,0.89,0.82,15.5,0,0,0,0,0,1,0
35,1035,AMAZON BLACK,https://varmora.com/product/floor-tiles/amazon-black/, DOUBLE CHARGE, WALL & FLOOR, LAVISH,600,600, MARBLE, GLOSSY, BLACK,0.3,0.29,0.29,15.5,0,0,0,1,0,0,0
36,1036,AMAZON BROWN,https://varmora.com/product/floor-tiles/amazon-brown/, DOUBLE CHARGE, WALL & FLOOR, LAVISH,600,600, MARBLE, GLOSSY, BROWN,0.41,0.32,0.29,15.5,0,1,0,0,1,0,1
37,1037,AMAZON RED,https://varmora.com/product/floor-tiles/amazon-red/, DOUBLE CHARGE, WALL & FLOOR, LAVISH,600,600, MARBLE, GLOSSY, RED,0.58,0.39,0.36,15.5,0,1,0,0,0,0,0
38,1038,AMAZON WHITE,https://varmora.com/product/floor-tiles/amazon-white/, DOUBLE CHARGE, WALL & FLOOR, ORNATE,600,600, MARBLE, GLOSSY, WHITE,0.94,0.94,0.91,15.5,1,0,0,0,0,1,0
51,1051,ANGLES,https://varmora.com/product/floor-tiles/angles/, GVT, WALL & FLOOR, XTREAM,600,600, GEOMETRIC, GLOSSY, BROWN,0.7,0.66,0.61,15.5,0,1,0,0,0,0,0
60,1060,ARDEN ONYX GREY,https://varmora.com/product/floor-tiles/arden-onyx-grey/, GVT, WALL & FLOOR, SUPERBO,600,600, MARBLE, GLOSSY, GREY,0.92,0.91,0.9,15.5,1,0,0,1,0,0,0
62,1062,ARDEN ONYX OLIVE,https://varmora.com/product/floor-tiles/arden-onyx-olive/, GVT, WALL & FLOOR, SUPERBO,600,600, MARBLE, GLOSSY, OLIVE,0.93,0.92,0.91,15.5,0,0,0,0,1,0,1
63,1063,AREMENIA,https://varmora.com/product/floor-tiles/aremenia/, VITRIFIED, WALL & FLOOR, SASSO,600,600, MARBLE, GLOSSY, IVORY,0.89,0.86,0.79,15.5,1,0,0,0,0,0,0
67,1067,ARMANI WHITE,https://varmora.com/product/floor-tiles/armani-white/, GVT, WALL & FLOOR, XTREAM,600,600, MARBLE, GLOSSY, WHITE,0.96,0.96,0.97,15.5,1,0,0,0,0,1,0
74,1074,ARTECH BIANCO,https://varmora.com/product/floor-tiles/artech-bianco/, GVT, WALL & FLOOR, EMRALD,600,600, STONE, MATT, BIANCO,0.92,0.88,0.82,15.5,1,0,0,0,0,1,0
75,1075,ARTECH BLUE,https://varmora.com/product/floor-tiles/artech-blue/, GVT, WALL & FLOOR, EMRALD,600,600, STONE, MATT, BLUE,0.42,0.54,0.63,15.5,0,0,0,0,1,0,1
76,1076,ARTECH BROWN,https://varmora.com/product/floor-tiles/artech-brown/, GVT, WALL & FLOOR, EMRALD,600,600, STONE, MATT, BROWN,0.33,0.24,0.16,15.5,0,0,0,1,0,0,0
77,1077,ARTECH COPPER,https://varmora.com/product/floor-tiles/artech-copper/, GVT, WALL & FLOOR, EMRALD,600,600, STONE, MATT, COPPER,0.8,0.6,0.4,15.5,0,1,0,0,0,0,0
78,1078,ARTECH DECOR 1,https://varmora.com/product/floor-tiles/artech-decor-1/, GVT, WALL & FLOOR, RUSTICO,600,600, GEOMETRIC, RUSTIC, BLUE,0.48,0.49,0.5,15.5,0,1,0,0,0,0,0
79,1079,ARTECH DECOR 2,https://varmora.com/product/floor-tiles/artech-decor-2/, GVT, WALL & FLOOR, RUSTICO,600,600, GEOMETRIC, RUSTIC, IVORY,0.86,0.72,0.59,15.5,0,1,0,0,0,0,0
80,1080,ARTECH GREY,https://varmora.com/product/floor-tiles/artech-grey/, GVT, WALL & FLOOR, EMRALD,600,600, STONE, MATT, GREY,0.78,0.77,0.75,15.5,1,0,0,0,0,1,0
81,1081,ARTECH GRISS,https://varmora.com/product/floor-tiles/artech-griss/, GVT, WALL & FLOOR, EMRALD,600,600, STONE, MATT, GRISS,0.3,0.3,0.3,15.5,1,0,0,0,0,1,0
83,1083,ARTECH NERO,https://varmora.com/product/floor-tiles/artech-nero/, GVT, WALL & FLOOR, EMRALD,600,600, STONE, MATT, NERO,0.19,0.18,0.14,15.5,1,0,0,0,0,0,0
86,1086,ARTY,https://varmora.com/product/floor-tiles/arty/, GVT, WALL & FLOOR, HIGLOSS,600,600, MARBLE, HIGH GLOSS, BROWN,0.66,0.51,0.38,15.5,0,0,0,1,0,0,0
94,1094,ASPEN WOOD CHOCO,https://varmora.com/product/floor-tiles/aspen-wood-choco/, GVT, WALL & FLOOR, LAPATURE,600,600, WOOD, SUGAR, CHOCO,0.51,0.38,0.29,15.5,0,0,0,0,1,0,1
95,1095,ASPEN WOOD CREMA,https://varmora.com/product/floor-tiles/aspen-wood-crema/, GVT, WALL & FLOOR, LAPATURE,600,600, WOOD, SUGAR, CREAM,0.86,0.71,0.58,15.5,0,0,0,0,1,0,1
96,1096,ASPEN WOOD WANGUE,https://varmora.com/product/floor-tiles/aspen-wood-wangue/, GVT, WALL & FLOOR, LAPATURE,600,600, WOOD, SUGAR, WANGUE,0.29,0.26,0.22,15.5,0,0,0,1,0,0,0
97,1097,ASTER BLUE,https://varmora.com/product/floor-tiles/aster-blue/, GVT, WALL & FLOOR, XTREAM,600,600, FLOWER, GLOSSY, BLUE,0.73,0.78,0.82,15.5,0,1,0,0,0,0,0
98,1098,ATHENA BISC,https://varmora.com/product/floor-tiles/athena-bisc/, GVT, WALL & FLOOR, XTREAM,600,600, MARBLE, GLOSSY, BEIGE,0.99,0.99,0.99,15.5,1,0,0,0,0,0,0
103,1103,AVALON BROWN,https://varmora.com/product/floor-tiles/avalon-brown/, GVT, WALL & FLOOR, EMPIRE,600,600, GEOMETRIC, RUSTIC, BROWN,0.66,0.6,0.54,15.5,0,1,0,0,0,0,0
104,1104,AVALON GRAY,https://varmora.com/product/floor-tiles/avalon-gray/, GVT, WALL & FLOOR, EMPIRE,600,600, GEOMETRIC, RUSTIC, GREY,0.58,0.56,0.54,15.5,0,1,0,0,0,0,0
105,1105,AVARIS,https://varmora.com/product/floor-tiles/avaris/, VITRIFIED, WALL & FLOOR, SASSO,600,600, MARBLE, GLOSSY, IVORY,0.97,0.94,0.89,15.5,1,0,0,0,0,0,0
108,1108,AVION,https://varmora.com/product/floor-tiles/avion/, VITRIFIED, WALL & FLOOR, SASSO,600,600, MARBLE, GLOSSY, IVORY,0.92,0.88,0.82,15.5,1,0,0,0,0,0,0
109,1109,BALON BEIGE,https://varmora.com/product/floor-tiles/balon-beige/, GVT, WALL & FLOOR, XTREAM,600,600, GEOMETRIC, GLOSSY, CREAM,0.92,0.84,0.77,15.5,0,1,0,0,0,0,0
110,1110,BASS WOOD BEIGE,https://varmora.com/product/floor-tiles/bass-wood-beige/, GVT, WALL & FLOOR, WOODENZA,600,600, WOOD, WOODEN, BEIGE,0.76,0.58,0.36,15.5,0,0,0,0,1,0,1
111,1111,BELD WOOD BIANCO,https://varmora.com/product/floor-tiles/beld-wood-bianco/, GVT, WALL & FLOOR, WOODENZA,600,600, WOOD, WOODEN, BIANCO,0.8,0.77,0.75,15.5,0,0,1,0,0,1,0
112,1112,BELD WOOD NATURAL,https://varmora.com/product/floor-tiles/beld-wood-natural/, GVT, WALL & FLOOR, WOODENZA,600,600, WOOD, WOODEN, NATURAL,0.67,0.54,0.43,15.5,0,0,1,0,0,1,0
113,1113,BENZ,https://varmora.com/product/floor-tiles/benz/, VITRIFIED, WALL & FLOOR, SASSO,600,600, MARBLE, GLOSSY, IVORY,0.93,0.89,0.82,15.5,1,0,0,0,0,0,0
136,1136,BLOM BLUE,https://varmora.com/product/floor-tiles/blom-blue/, GVT, WALL & FLOOR, XTREAM,600,600, FLOWER, GLOSSY, BLUE,0.75,0.8,0.88,15.5,0,1,1,0,0,0,0
137,1137,BLOM WHITE,https://varmora.com/product/floor-tiles/blom-white/, GVT, WALL & FLOOR, XTREAM,600,600, FLOWER, GLOSSY, WHITE,0.96,0.96,0.96,15.5,0,1,1,0,0,0,0
150,1150,BOTTOCHINO REGAL,https://varmora.com/product/floor-tiles/bottochino-regal/, GVT, WALL & FLOOR, XTREAM,600,600, MARBLE, GLOSSY, BEIGE,0.88,0.84,0.76,15.5,1,0,0,0,0,0,0
152,1152,BRAWD EMPRADOR,https://varmora.com/product/floor-tiles/brawd-emprador/, GVT, WALL & FLOOR, HI-GLOSS,600,600, MARBLE, HIGH GLOSS, BROWN,0.41,0.32,0.26,15.5,0,0,0,1,0,0,0
156,1156,BRECCIA NOVA,https://varmora.com/product/floor-tiles/breccia-nova/, GVT, WALL & FLOOR, SUPERBO,600,600, MARBLE, GLOSSY, BEIGE,0.93,0.83,0.72,15.5,0,0,0,1,0,0,0
163,1163,BREZZA,https://varmora.com/product/floor-tiles/brezza/, VITRIFIED, WALL & FLOOR, SASSO,600,600, MARBLE, GLOSSY, IVORY,0.94,0.91,0.85,15.5,1,0,0,0,0,1,0
164,1164,BRILLER ASH,https://varmora.com/product/floor-tiles/briller-ash/, GVT, WALL & FLOOR, EMRALD,600,600, STONE, RUSTIC MATT, ASH,0.68,0.64,0.61,15.5,1,0,0,0,0,1,0
165,1165,BRILLER BIANCO,https://varmora.com/product/floor-tiles/briller-bianco/, GVT, WALL & FLOOR, EMRALD,600,600, STONE, RUSTIC MATT, BIANCO,0.86,0.81,0.78,15.5,1,0,0,0,0,1,0
166,1166,BRILLER GREY,https://varmora.com/product/floor-tiles/briller-grey/, GVT, WALL & FLOOR, EMRALD,600,600, STONE, RUSTIC MATT, GREY,0.61,0.59,0.59,15.5,1,0,0,0,0,1,0
167,1167,BRILLER NERO,https://varmora.com/product/floor-tiles/briller-nero/, GVT, WALL & FLOOR, EMRALD,600,600, STONE, RUSTIC MATT, NERO,0.37,0.34,0.32,15.5,1,0,0,0,0,1,0
176,1176,BURBERRY BEIGE,https://varmora.com/product/floor-tiles/burberry-beige/, GVT, WALL & FLOOR, SUPERBO,600,600, MARBLE, GLOSSY, BEIGE,0.81,0.69,0.55,15.5,0,0,0,1,0,0,0
179,1179,BURBERRY CREMA,https://varmora.com/product/floor-tiles/burberry-crema/, GVT, WALL & FLOOR, SUPERBO,600,600, MARBLE, GLOSSY, CREAM,0.86,0.77,0.67,15.5,0,0,0,1,0,0,0
183,1183,CANARY AZUL,https://varmora.com/product/floor-tiles/canary-azul/, GVT, WALL & FLOOR, RUSTICO,600,600, CEMENT, RUSTIC, AZUL,0.24,0.3,0.33,15.5,0,1,0,1,0,0,0
185,1185,CANARY IVORY,https://varmora.com/product/floor-tiles/canary-ivory/, GVT, WALL & FLOOR, RUSTICO,600,600, CEMENT, RUSTIC, IVORY,0.89,0.8,0.69,15.5,0,0,0,1,0,0,0
186,1186,CANARY LAVA,https://varmora.com/product/floor-tiles/canary-lava/, GVT, WALL & FLOOR, RUSTICO,600,600, CEMENT, RUSTIC, LAVA,0.22,0.2,0.18,15.5,0,0,0,1,0,0,0
187,1187,CANARY TERASTONE,https://varmora.com/product/floor-tiles/canary-terastone/, GVT, WALL & FLOOR, RUSTICO,600,600, CEMENT, RUSTIC, TERASTONE,0.78,0.49,0.3,15.5,0,0,0,1,0,0,0
188,1188,CANARY VERDE,https://varmora.com/product/floor-tiles/canary-verde/, GVT, WALL & FLOOR, RUSTICO,600,600, CEMENT, RUSTIC, VERDE,0.25,0.23,0.15,15.5,0,0,0,1,0,0,0
189,1189,CANARY VOLCANO,https://varmora.com/product/floor-tiles/canary-volcano/, GVT, WALL & FLOOR, RUSTICO,600,600, CEMENT, RUSTIC, VOLCANO,0.43,0.25,0.09,15.5,0,0,0,1,0,0,0
190,1190,CANDID WHITE,https://varmora.com/product/floor-tiles/c-a-n-d-i-d-w-h-i-t-e/, DOUBLE CHARGE, WALL & FLOOR, CANDID,600,600, MARBLE, GLOSSY, WHITE,0.94,0.93,0.91,15.5,0,0,0,0,0,1,0
191,1191,CANYON,https://varmora.com/product/floor-tiles/canyon/, VITRIFIED, WALL & FLOOR, SASSO,600,600, MARBLE, GLOSSY, IVORY,0.94,0.9,0.84,15.5,1,0,0,0,0,0,0
194,1194,CASCADE,https://varmora.com/product/floor-tiles/cascade/, VITRIFIED, WALL & FLOOR, SASSO,600,600, MARBLE, GLOSSY, IVORY,0.95,0.93,0.88,15.5,0,1,0,0,0,0,0
195,1195,CATINA,https://varmora.com/product/floor-tiles/catina/, VITRIFIED, WALL & FLOOR, SASSO,600,600, WOOD, GLOSSY, IVORY,0.93,0.9,0.84,15.5,0,0,0,0,1,0,1
196,1196,CEDAL WOOD BEIGE,https://varmora.com/product/floor-tiles/cedal-wood-beige/, GVT, WALL & FLOOR, WOODENZA,600,600, WOOD, WOODEN, BEIGE,0.74,0.58,0.43,15.5,0,0,0,0,1,0,1
214,1214,CLASSIC DYNA BEIGE,https://varmora.com/product/floor-tiles/classic-dyna-beige/, GVT, WALL & FLOOR, SUPERBO,600,600, MARBLE, GLOSSY, BEIGE,0.97,0.84,0.7,15.5,0,0,0,1,1,0,1
215,1215,CLOBBER,https://varmora.com/product/floor-tiles/clobber/, GVT, WALL & FLOOR, XTREAM,600,600, MARBLE, GLOSSY, CREAM,0.96,0.92,0.85,15.5,0,0,1,1,0,0,0
233,1233,COTTAGE WOOD BIANCO,https://varmora.com/product/floor-tiles/cottage-wood-bianco/, GVT, WALL & FLOOR, XTREAM,600,600, WOOD, WOODEN, BIANCO,0.88,0.88,0.88,15.5,0,0,0,0,1,0,1
234,1234,COTTAGE WOOD COPPER,https://varmora.com/product/floor-tiles/cottage-wood-copper/, GVT, WALL & FLOOR, XTREAM,600,600, WOOD, WOODEN, COPPER,0.5,0.34,0.23,15.5,0,0,0,0,1,0,1
235,1235,COTTAGE WOOD CREMA,https://varmora.com/product/floor-tiles/cottage-wood-crema/, GVT, WALL & FLOOR, XTREAM,600,600, WOOD, WOODEN, CREAM,0.95,0.83,0.71,15.5,0,0,1,0,1,0,1
236,1236,CREMA MARFIL BEIGE,https://varmora.com/product/floor-tiles/crema-marfil-beige/, GVT, WALL & FLOOR, SUPERBO,600,600, MARBLE, GLOSSY, BEIGE,0.86,0.76,0.64,15.5,0,0,0,1,0,0,0
238,1238,CREMA MARFIL IVORY,https://varmora.com/product/floor-tiles/crema-marfil-ivory/, GVT, WALL & FLOOR, XTREAM,600,600, MARBLE, GLOSSY, IVORY,0.93,0.88,0.82,15.5,0,0,0,1,0,0,0
239,1239,CRETA,https://varmora.com/product/floor-tiles/creta/, VITRIFIED, WALL & FLOOR, SASSO,600,600, MARBLE, GLOSSY, IVORY,0.93,0.9,0.84,15.5,1,0,0,0,0,0,0
242,1242,CROMA,https://varmora.com/product/floor-tiles/croma/, VITRIFIED, WALL & FLOOR, SASSO,600,600, MARBLE, GLOSSY, IVORY,0.91,0.86,0.78,15.5,0,0,0,0,0,0,1
254,1254,DIMA,https://varmora.com/product/floor-tiles/dima/, GVT, WALL & FLOOR, ATLAS,600,600, GEOMETRIC, GLOSSY, MULTI,0.64,0.56,0.5,15.5,0,1,0,0,0,0,0
255,1255,DIMAS,https://varmora.com/product/floor-tiles/dimas/, VITRIFIED, WALL & FLOOR, SASSO,600,600, MARBLE, GLOSSY, IVORY,0.93,0.9,0.83,15.5,0,0,0,1,0,0,0
265,1265,DORI STONE COPPER,https://varmora.com/product/floor-tiles/dori-stone-copper/, GVT, WALL & FLOOR, EMRALD,600,600, STONE, RUSTIC MATT, COPPER,0.62,0.52,0.44,15.5,0,0,0,1,0,0,0
266,1266,DORI STONE CREMA,https://varmora.com/product/floor-tiles/dori-stone-crema/, GVT, WALL & FLOOR, EMRALD,600,600, STONE, RUSTIC MATT, CREAM,0.81,0.75,0.7,15.5,0,0,0,1,0,0,0
267,1267,DORI STONE DOVE,https://varmora.com/product/floor-tiles/dori-stone-dove/, GVT, WALL & FLOOR, EMRALD,600,600, STONE, RUSTIC MATT, DOVE,0.72,0.7,0.68,15.5,0,0,0,1,0,0,0
268,1268,DORI STONE IVORY,https://varmora.com/product/floor-tiles/dori-stone-ivory/, GVT, WALL & FLOOR, EMRALD,600,600, STONE, RUSTIC MATT, IVORY,0.93,0.86,0.78,15.5,0,0,0,1,0,0,0
269,1269,DORI STONE NERO,https://varmora.com/product/floor-tiles/dori-stone-nero/, GVT, WALL & FLOOR, EMRALD,600,600, STONE, RUSTIC MATT, NERO,0.4,0.36,0.32,15.5,0,0,0,1,0,0,0
270,1270,DORI STONE PEARL,https://varmora.com/product/floor-tiles/dori-stone-pearl/, GVT, WALL & FLOOR, EMRALD,600,600, STONE, RUSTIC MATT, PEARL,0.88,0.86,0.84,15.5,0,0,0,1,0,0,0
279,1279,DYNO VIVANTA,https://varmora.com/product/floor-tiles/dyno-vivanta/, GVT, WALL & FLOOR, XTREAM,600,600, MARBLE, GLOSSY, BEIGE,0.88,0.78,0.64,15.5,1,0,0,0,0,0,1
285,1285,ELEGANZA ALMOND,https://varmora.com/product/floor-tiles/eleganza-almond/, DOUBLE CHARGE, WALL & FLOOR, ELEGANZA,600,600, MARBLE, GLOSSY, BROWN,0.75,0.59,0.42,15.5,0,0,0,0,0,0,1
286,1286,ELEGANZA BLACK,https://varmora.com/product/floor-tiles/eleganza-black/, DOUBLE CHARGE, WALL & FLOOR, ELEGANZA,600,600, MARBLE, GLOSSY, BLACK,0.29,0.28,0.29,15.5,0,0,0,1,0,0,1
287,1287,ELEGANZA CHOCO,https://varmora.com/product/floor-tiles/eleganza-choco/, DOUBLE CHARGE, WALL & FLOOR, ELEGANZA,600,600, MARBLE, GLOSSY, CHOCO,0.49,0.37,0.3,15.5,0,0,0,1,0,0,0
288,1288,ELEGANZA DOVE,https://varmora.com/product/floor-tiles/eleganza-dove/, DOUBLE CHARGE, WALL & FLOOR, ELEGANZA,600,600, MARBLE, GLOSSY, DOVE,0.57,0.55,0.51,15.5,0,0,0,1,0,0,0
289,1289,ELEGANZA EBONY,https://varmora.com/product/floor-tiles/eleganza-ebony/, DOUBLE CHARGE, WALL & FLOOR, ELEGANZA,600,600, MARBLE, GLOSSY, BLACK,0.47,0.46,0.48,15.5,0,0,0,1,0,0,0
290,1290,ELEGANZA GREEN,https://varmora.com/product/floor-tiles/eleganza-green/, DOUBLE CHARGE, WALL & FLOOR, ELEGANZA,600,600, MARBLE, GLOSSY, GREEN,0.28,0.4,0.32,15.5,0,0,0,1,0,0,0
291,1291,ELEGANZA ORANGE,https://varmora.com/product/floor-tiles/eleganza-orange/, DOUBLE CHARGE, WALL & FLOOR, ELEGANZA,600,600, MARBLE, GLOSSY, ORANGE,0.68,0.45,0.36,15.5,0,0,0,1,0,0,0
292,1292,ELEGANZA RED,https://varmora.com/product/floor-tiles/eleganza-red/, DOUBLE CHARGE, WALL & FLOOR, ELEGANZA,600,600, MARBLE, GLOSSY, RED,0.66,0.38,0.34,15.5,0,0,0,1,0,0,0
293,1293,ELEGANZA RUBY,https://varmora.com/product/floor-tiles/eleganza-ruby/, DOUBLE CHARGE, WALL & FLOOR, ELEGANZA,600,600, MARBLE, GLOSSY, CREAM,0.66,0.55,0.48,15.5,0,0,0,1,0,0,0
297,1297,EMERICO,https://varmora.com/product/floor-tiles/emerico/, VITRIFIED, WALL & FLOOR, SASSO,600,600, MARBLE, GLOSSY, IVORY,0.94,0.91,0.86,15.5,0,0,1,0,0,0,0
299,1299,EMP PATTERN 5,https://varmora.com/product/floor-tiles/emp-pattern-5/, GVT, WALL & FLOOR, RUSTICO,600,600, GEOMETRIC, RUSTIC, BEIGE,0.77,0.72,0.66,15.5,0,1,0,0,0,0,0
300,1300,EMP PATTERN 8,https://varmora.com/product/floor-tiles/emp-pattern-8/, GVT, WALL & FLOOR, RUSTICO,600,600, GEOMETRIC, RUSTIC, MULTI,0.71,0.7,0.67,15.5,0,1,0,0,0,0,0
302,1302,EMPRADOR FUME,https://varmora.com/product/floor-tiles/emprador-fume/, GVT, WALL & FLOOR, HI-GLOSS,600,600, MARBLE, HIGH GLOSS, BROWN,0.51,0.39,0.3,15.5,0,0,1,1,0,0,0
316,1316,FIJI SATUARIO,https://varmora.com/product/floor-tiles/fiji-satuario/, GVT, WALL & FLOOR, ATLAS,600,600, MARBLE, GLOSSY, WHITE,0.89,0.88,0.87,15.5,0,1,0,0,0,0,0
320,1320,FIORE WHITE,https://varmora.com/product/floor-tiles/fiore-white/, GVT, WALL & FLOOR, SUPERBO,600,600, MARBLE, GLOSSY, WHITE,0.96,0.96,0.95,15.5,1,0,0,1,0,0,0
329,1329,GALLERY AVORIO,https://varmora.com/product/floor-tiles/gallery-avorio/, GVT, WALL & FLOOR, EMRALD,600,600, CEMENT, MATT, GREY,0.82,0.78,0.73,15.5,1,0,0,0,0,0,0
330,1330,GALLERY BROWN,https://varmora.com/product/floor-tiles/gallery-brown/, GVT, WALL & FLOOR, EMRALD,600,600, CEMENT, MATT, GRISS,0.41,0.35,0.24,15.5,1,0,0,0,0,0,0
331,1331,GEA AZUL,https://varmora.com/product/floor-tiles/gea-azul/, GVT, WALL & FLOOR, EMPIRE,600,600, GEOMETRIC, RUSTIC, AZUL,0.71,0.68,0.66,15.5,0,1,0,0,0,0,0
339,1339,GLACIER,https://varmora.com/product/floor-tiles/glacier/, VITRIFIED, WALL & FLOOR, SASSO,600,600, STONE, GLOSSY, IVORY,0.93,0.89,0.83,15.5,0,0,1,0,0,0,1
347,1347,GRACE BEIGE,https://varmora.com/product/floor-tiles/grace-beige/, GVT, WALL & FLOOR, EMRALD,600,600, STONE, MATT, BEIGE,0.97,0.95,0.91,15.5,0,0,0,0,0,1,0
348,1348,GRACE BIANCO,https://varmora.com/product/floor-tiles/grace-bianco/, GVT, WALL & FLOOR, EMRALD,600,600, STONE, MATT, BIANCO,0.96,0.95,0.94,15.5,1,0,0,0,0,0,0
349,1349,GRACE DOVE,https://varmora.com/product/floor-tiles/grace-dove/, GVT, WALL & FLOOR, EMRALD,600,600, STONE, MATT, DOVE,0.96,0.95,0.92,15.5,1,0,0,0,0,0,0
351,1351,GRACE TUSK,https://varmora.com/product/floor-tiles/grace-tusk/, GVT, WALL & FLOOR, EMRALD,600,600, STONE, MATT, TUSK,0.97,0.94,0.91,15.5,1,0,0,0,0,0,0
352,1352,GRAND ONYX BEIGE,https://varmora.com/product/floor-tiles/grand-onyx-beige/, GVT, WALL & FLOOR, XTREAM,600,600, MARBLE, GLOSSY, BEIGE,0.95,0.9,0.83,15.5,0,0,0,0,1,0,1
358,1358,H 8001 VRM,https://varmora.com/product/floor-tiles/h-8001-vrm/, PORCELAIN, WALL & FLOOR, GRACIA,600,600, GEOMETRIC, MATT, MULTI,0.64,0.56,0.49,15.5,0,1,0,0,0,0,0
359,1359,H 8002 VRM,https://varmora.com/product/floor-tiles/h-8002-vrm/, PORCELAIN, WALL & FLOOR, GRACIA,600,600, GEOMETRIC, MATT, MULTI,0.66,0.62,0.6,15.5,0,1,0,0,0,0,0
360,1360,H 8003 VRM,https://varmora.com/product/floor-tiles/h-8003-vrm/, PORCELAIN, WALL & FLOOR, GRACIA,600,600, GEOMETRIC, MATT, MULTI,0.61,0.57,0.57,15.5,0,1,0,0,0,0,0
361,1361,H 8004 VRM,https://varmora.com/product/floor-tiles/h-8004-vrm/, PORCELAIN, WALL & FLOOR, GRACIA,600,600, GEOMETRIC, MATT, GREY,0.59,0.58,0.57,15.5,0,1,0,0,0,0,0
362,1362,H 8005 VRM,https://varmora.com/product/floor-tiles/h-8005-vrm/, PORCELAIN, WALL & FLOOR, GRACIA,600,600, GEOMETRIC, MATT, BLACK,0.58,0.58,0.58,15.5,0,1,0,0,0,0,0
368,1368,HERICAN BROWN,https://varmora.com/product/floor-tiles/herican-brown/, GVT, WALL & FLOOR, HI-GLOSS,600,600, MARBLE, HIGH GLOSS, BROWN,0.59,0.48,0.41,15.5,0,0,0,1,0,0,0
369,1369,HERICAN NERO,https://varmora.com/product/floor-tiles/herican-nero/, GVT, WALL & FLOOR, HI-GLOSS,600,600, MARBLE, HIGH GLOSS, NERO,0.56,0.54,0.51,15.5,0,0,0,1,0,0,0
371,1371,HITCH,https://varmora.com/product/floor-tiles/hitch/, GVT, WALL & FLOOR, HI-GLOSS,600,600, MARBLE, HIGH GLOSS, BLACK,0.44,0.38,0.34,15.5,0,1,0,0,0,0,0
382,1382,KATIE ASH,https://varmora.com/product/floor-tiles/katie-ash/, DOUBLE CHARGE, WALL & FLOOR, ORNATE,600,600, MARBLE, GLOSSY, ASH,0.55,0.56,0.57,15.5,0,0,0,1,0,0,1
383,1383,KATIE SILK,https://varmora.com/product/floor-tiles/katie-silk/, DOUBLE CHARGE, WALL & FLOOR, ORNATE,600,600, MARBLE, GLOSSY, IVORY,0.89,0.86,0.8,15.5,1,0,0,1,0,0,0
386,1386,KILOS BIANCO,https://varmora.com/product/floor-tiles/kilos-bianco/, GVT, WALL & FLOOR, EMRALD,600,600, CEMENT, MATT, BIANCO,0.93,0.9,0.88,15.5,1,0,0,0,0,1,0
387,1387,KILOS GRISS,https://varmora.com/product/floor-tiles/kilos-griss/, GVT, WALL & FLOOR, EMRALD,600,600, CEMENT, MATT, GRISS,0.66,0.64,0.6,15.5,1,0,0,0,0,0,0
388,1388,KRESTONE BEIGE,https://varmora.com/product/floor-tiles/krestone-beige/, FULLBODY, OUTDOOR & INDOOR, KRESTONE LT,600,600, STONE, RUSTIC, BEIGE,0.79,0.71,0.61,7.75,1,0,0,0,0,1,0
389,1389,KRESTONE CHOCO,https://varmora.com/product/floor-tiles/krestone-choco/, FULLBODY, OUTDOOR & INDOOR, KRESTONE DK,600,600, STONE, RUSTIC, CHOCO,0.41,0.36,0.32,7.75,1,0,0,0,0,1,0
390,1390,KRESTONE CREMA,https://varmora.com/product/floor-tiles/krestone-crema/, FULLBODY, OUTDOOR & INDOOR, KRESTONE LT,600,600, STONE, RUSTIC, CREAM,0.93,0.86,0.75,7.75,1,0,0,0,0,1,0
391,1391,KRESTONE NERO,https://varmora.com/product/floor-tiles/krestone-nero/, FULLBODY, OUTDOOR & INDOOR, KRESTONE DK,600,600, STONE, RUSTIC, NERO,0.41,0.41,0.39,7.75,1,0,0,0,0,1,0
392,1392,KRESTONE OLIVE,https://varmora.com/product/floor-tiles/3118-2/, FULLBODY, OUTDOOR & INDOOR, KRESTONE LT,600,600, STONE, RUSTIC, OLIVE,0.82,0.8,0.74,7.75,1,0,0,0,0,1,0
393,1393,KRESTONE PEARL,https://varmora.com/product/floor-tiles/krestone-pearl/, FULLBODY, OUTDOOR & INDOOR, KRESTONE LT,600,600, STONE, RUSTIC, PEARL,0.73,0.73,0.71,7.75,1,0,0,0,0,1,0
394,1394,KRESTONE VERDE,https://varmora.com/product/floor-tiles/krestone-verde/, FULLBODY, OUTDOOR & INDOOR, KRESTONE DK,600,600, STONE, RUSTIC, VERDE,0.64,0.64,0.57,7.75,1,0,0,0,0,1,0
399,1399,KYNE,https://varmora.com/product/floor-tiles/kyne/, VITRIFIED, WALL & FLOOR, SASSO,600,600, MARBLE, GLOSSY, IVORY,0.94,0.9,0.84,15.5,1,0,0,0,0,1,0
408,1408,LEXUS BLACK,https://varmora.com/product/floor-tiles/lexus-black/, DOUBLE CHARGE, WALL & FLOOR, HI-GLOSS,600,600, MARBLE, HIGH GLOSS, BLACK,0.18,0.16,0.17,15.5,0,0,0,1,0,0,0
416,1416,LUMINA IVORY,https://varmora.com/product/floor-tiles/lumina-ivory/, GVT, WALL & FLOOR, XTREAM,600,600, MARBLE, GLOSSY, IVORY,0.94,0.91,0.85,15.5,0,0,0,1,0,0,0
419,1419,MAGNIFICENT MARFIL,https://varmora.com/product/floor-tiles/magnificent-marfil/, GVT, WALL & FLOOR, XTREAM,600,600, MARBLE, GLOSSY, BEIGE,0.92,0.9,0.85,15.5,1,0,0,1,0,0,0
422,1422,MAJESTIC ONYX,https://varmora.com/product/floor-tiles/majestic-onyx/, GVT, WALL & FLOOR, XTREAM,600,600, MARBLE, GLOSSY, ONYX,0.95,0.95,0.94,15.5,0,0,0,1,0,0,0
429,1429,MARBRE GOLD,https://varmora.com/product/floor-tiles/marbre-gold/, GVT, WALL & FLOOR, HI-GLOSS,600,600, MARBLE, HIGH GLOSS, GOLD,0.84,0.64,0.43,15.5,0,0,1,1,0,0,0
482,1482,MEGANA,https://varmora.com/product/floor-tiles/megana/, GVT, WALL & FLOOR, EMPIRE,600,600, GEOMETRIC, RUSTIC, BEIGE,0.78,0.73,0.68,15.5,0,1,0,0,0,0,0
497,1497,MERANTI WOOD COPPER,https://varmora.com/product/floor-tiles/meranti-wood-copper/, GVT, WALL & FLOOR, WOODENZA,600,600, WOOD, WOODEN, COPPER,0.71,0.5,0.23,15.5,1,0,0,0,1,0,0
498,1498,MERANTI WOOD WENGUE,https://varmora.com/product/floor-tiles/meranti-wood-wengue/, GVT, WALL & FLOOR, WOODENZA,600,600, WOOD, WOODEN, WANGUE,0.48,0.36,0.27,15.5,0,0,0,0,1,0,0
516,1516,MONTANA,https://varmora.com/product/floor-tiles/montana/, GVT, WALL & FLOOR, EMPIRE,600,600, GEOMETRIC, RUSTIC, BEIGE,0.74,0.67,0.59,15.5,0,1,0,0,0,0,0
519,1519,MOZILA,https://varmora.com/product/floor-tiles/mozila/, GVT, WALL & FLOOR, XTREAM,600,600, MARBLE, GLOSSY, BEIGE,0.85,0.82,0.78,15.5,0,0,0,1,0,0,0
520,1520,MURATO AZUL,https://varmora.com/product/floor-tiles/murato-azul/, GVT, WALL & FLOOR, EMRALD,600,600, STONE, MATT, AZUL,0.47,0.54,0.63,15.5,1,1,0,0,0,0,1
521,1521,MURATO BROWN,https://varmora.com/product/floor-tiles/murato-brown/, GVT, WALL & FLOOR, EMRALD,600,600, STONE, MATT, BROWN,0.53,0.38,0.23,15.5,1,0,0,0,0,0,0
522,1522,MURATO CREMA,https://varmora.com/product/floor-tiles/murato-crema/, GVT, WALL & FLOOR, EMRALD,600,600, STONE, MATT, CREAM,0.92,0.84,0.73,15.5,1,0,0,0,0,0,0
523,1523,MURATO PEARL,https://varmora.com/product/floor-tiles/murato-pearl/, GVT, WALL & FLOOR, EMRALD,600,600, STONE, MATT, PEARL,0.9,0.89,0.86,15.5,1,0,0,0,0,0,0
540,1540,NIOVE,https://varmora.com/product/floor-tiles/niove/, VITRIFIED, WALL & FLOOR, SASSO,600,600, WOOD, GLOSSY, IVORY,0.9,0.86,0.78,15.5,1,0,0,0,1,0,0
543,1543,NOEMI WHITE,https://varmora.com/product/floor-tiles/noemi-white/, GVT, WALL & FLOOR, SUPERBO,600,600, MARBLE, GLOSSY, WHITE,0.95,0.94,0.93,15.5,0,0,0,1,0,0,0
554,1554,OLEG,https://varmora.com/product/floor-tiles/oleg/, GVT, WALL & FLOOR, XTREAM,600,600, GEOMETRIC, GLOSSY, WHITE,0.91,0.92,0.93,15.5,0,1,0,0,0,0,0
556,1556,OLIVINE,https://varmora.com/product/floor-tiles/olivine/, VITRIFIED, WALL & FLOOR, SASSO,600,600, MARBLE, GLOSSY, IVORY,0.89,0.84,0.75,15.5,1,0,0,0,0,0,0
557,1557,OLYMPOS AZUL,https://varmora.com/product/floor-tiles/olympos-azul/, GVT, WALL & FLOOR, HI-GLOSS,600,600, MARBLE, HIGH GLOSS, AZUL,0.27,0.34,0.41,15.5,0,0,0,1,0,0,1
559,1559,OMANO BLACK,https://varmora.com/product/floor-tiles/omano-black/, DOUBLE CHARGE, WALL & FLOOR, OMANO DK,600,600, MARBLE, GLOSSY, BLACK,0.33,0.32,0.31,15.5,0,0,1,1,0,0,0
560,1560,OMANO GOLD,https://varmora.com/product/floor-tiles/omano-gold/, DOUBLE CHARGE, WALL & FLOOR, OMANO LT,600,600, MARBLE, GLOSSY, GOLD,0.96,0.95,0.9,15.5,1,0,0,0,0,0,0
561,1561,OMANO PEARL,https://varmora.com/product/floor-tiles/omano-pearl/, DOUBLE CHARGE, WALL & FLOOR, OMANO LT,600,600, MARBLE, GLOSSY, PEARL,0.95,0.93,0.9,15.5,1,0,0,0,0,0,0
562,1562,OMANO RED,https://varmora.com/product/floor-tiles/omano-red/, DOUBLE CHARGE, WALL & FLOOR, OMANO DK,600,600, MARBLE, GLOSSY, RED,0.63,0.43,0.4,15.5,0,0,0,1,1,0,0
563,1563,OPIATE BLUE,https://varmora.com/product/floor-tiles/opiate-blue/, GVT, WALL & FLOOR, XTREAM,600,600, GEOMETRIC, GLOSSY, BLUE,0.76,0.78,0.81,15.5,0,1,1,0,0,0,1
564,1564,OPIATE GREY,https://varmora.com/product/floor-tiles/opiate-grey/, GVT, WALL & FLOOR, XTREAM,600,600, GEOMETRIC, GLOSSY, GREY,0.81,0.82,0.81,15.5,0,1,1,0,0,0,0
565,1565,OPIATE ORANGE,https://varmora.com/product/floor-tiles/opiate-orange/, GVT, WALL & FLOOR, XTREAM,600,600, GEOMETRIC, GLOSSY, ORANGE,0.82,0.78,0.74,15.5,0,1,1,0,0,0,0
574,1574,ORION WOOD,https://varmora.com/product/floor-tiles/orion-wood/, VITRIFIED, WALL & FLOOR, SASSO,600,600, WOOD, GLOSSY, IVORY,0.93,0.88,0.82,15.5,1,0,0,0,1,0,0
575,1575,ORLANO PEARL,https://varmora.com/product/floor-tiles/orlano-pearl/, GVT, WALL & FLOOR, SUPERBO,600,600, MARBLE, GLOSSY, PEARL,0.93,0.93,0.91,15.5,0,0,0,1,0,0,0
582,1582,PARADISO BIANCO,https://varmora.com/product/floor-tiles/paradiso-bianco/, GVT, WALL & FLOOR, SUPERBO,600,600, MARBLE, GLOSSY, BIANCO,0.89,0.86,0.83,15.5,0,0,0,1,0,0,0
586,1586,PARLATO,https://varmora.com/product/floor-tiles/parlato/, GVT, WALL & FLOOR, HI-GLOSS,600,600, MARBLE, HIGH GLOSS, BLACK,0.07,0.07,0.12,15.5,0,0,0,1,0,0,0
596,1596,PEANUT,https://varmora.com/product/floor-tiles/peanut/, GVT, WALL & FLOOR, XTREAM,600,600, GEOMETRIC, GLOSSY, WHITE,0.92,0.92,0.93,15.5,0,1,0,0,0,0,0
597,1597,PEARL IVORY,https://varmora.com/product/floor-tiles/pearl-ivory/, VITRIFIED, WALL & FLOOR, SASSO,600,600, MARBLE, GLOSSY, IVORY,0.96,0.94,0.89,15.5,1,0,1,0,0,0,0
599,1599,PEDRA,https://varmora.com/product/floor-tiles/pedra/, GVT, WALL & FLOOR, XTREAM,600,600, PEBBLES, GLOSSY, MULTI,0.75,0.72,0.7,15.5,0,0,0,1,0,0,1
611,1611,PONZIO AZUL,https://varmora.com/product/floor-tiles/ponzio-azul/, GVT, WALL & FLOOR, HI-GLOSS,600,600, MARBLE, HIGH GLOSS, AZUL,0.46,0.43,0.44,15.5,0,0,0,1,0,0,1
614,1614,PRIME WHITE,https://varmora.com/product/floor-tiles/prime-white-2/, DOUBLE CHARGE, WALL & FLOOR, PRIME,600,600, MARBLE, GLOSSY, WHITE,0.93,0.93,0.89,15.5,1,0,0,0,0,0,0
625,1625,QUBES,https://varmora.com/product/floor-tiles/qubes/, GVT, WALL & FLOOR, XTREAM,600,600, GEOMETRIC, GLOSSY, WHITE,0.94,0.94,0.94,15.5,0,0,1,0,0,0,0
626,1626,RAINBOW,https://varmora.com/product/floor-tiles/rainbow/, GVT, WALL & FLOOR, XTREAM,600,600, FLOWER, GLOSSY, MULTI,0.8,0.8,0.76,15.5,0,1,1,0,0,0,0
640,1640,REVOK BEIGE,https://varmora.com/product/floor-tiles/revok-beige/, GVT, WALL & FLOOR, EMRALD,600,600, STONE, MATT, BEIGE,0.95,0.88,0.76,15.5,1,0,0,0,0,0,0
641,1641,REVOK DOVE,https://varmora.com/product/floor-tiles/revok-dove/, GVT, WALL & FLOOR, EMRALD,600,600, STONE, MATT, DOVE,0.95,0.91,0.85,15.5,1,0,0,0,0,0,0
642,1642,REVOK VERDE,https://varmora.com/product/floor-tiles/revok-verde/, GVT, WALL & FLOOR, EMRALD,600,600, STONE, MATT, VERDE,0.84,0.72,0.57,15.5,1,0,0,0,0,0,0
643,1643,RIBBON BEIGE,https://varmora.com/product/floor-tiles/ribbon-beige/, GVT, WALL & FLOOR, ATLAS,600,600, CEMENT, GLOSSY, BEIGE,0.8,0.72,0.66,15.5,0,1,0,0,0,0,1
644,1644,RIBBON DOVE,https://varmora.com/product/floor-tiles/ribbon-dove/, GVT, WALL & FLOOR, ATLAS,600,600, CEMENT, GLOSSY, DOVE,0.84,0.82,0.81,15.5,0,1,0,0,0,0,1
645,1645,RIBBON NERO,https://varmora.com/product/floor-tiles/ribbon-nero/, GVT, WALL & FLOOR, ATLAS,600,600, CEMENT, GLOSSY, NERO,0.67,0.64,0.62,15.5,0,1,0,0,0,0,1
660,1660,ROMAN BLACK,https://varmora.com/product/floor-tiles/roman-black/, FULLBODY, OUTDOOR & INDOOR, ROMAN DK,600,600, S&P, MATT, BLACK,0.34,0.34,0.34,15.5,1,0,0,0,0,1,0
661,1661,ROMAN CHOCO,https://varmora.com/product/floor-tiles/roman-choco/, FULLBODY, OUTDOOR & INDOOR, ROMAN DK,600,600, S&N, MATT, CHOCO,0.51,0.44,0.42,15.5,1,0,0,0,0,1,0
662,1662,ROMAN GREY,https://varmora.com/product/floor-tiles/roman-grey/, FULLBODY, OUTDOOR & INDOOR, ROMAN LT,600,600, S&P, MATT, GREY,0.71,0.69,0.7,15.5,1,0,0,0,0,1,0
663,1663,ROMAN IVORY,https://varmora.com/product/floor-tiles/roman-ivory/, FULLBODY, OUTDOOR & INDOOR, ROMAN LT,600,600, S&P, MATT, IVORY,0.9,0.86,0.81,15.5,1,0,0,0,0,1,0
670,1670,ROXY BLACK,https://varmora.com/product/floor-tiles/roxy-black/, GVT, WALL & FLOOR, HI-GLOSS,600,600, MARBLE, HIGH GLOSS, BLACK,0.23,0.24,0.25,15.5,0,0,0,1,0,0,0
674,1674,SACHA,https://varmora.com/product/floor-tiles/sacha/, GVT, WALL & FLOOR, XTREAM,600,600, GEOMETRIC, GLOSSY, BEIGE,0.96,0.95,0.92,15.5,0,0,1,0,0,0,0
683,1683,SCALA A& B,https://varmora.com/product/floor-tiles/scala-a-b/, GVT, WALL & FLOOR, ATLAS,600,600, MARBLE, GLOSSY, CREAM,0.83,0.77,0.72,15.5,0,1,0,0,0,0,0
685,1685,SENTANA WENGUE,https://varmora.com/product/floor-tiles/sentana-wengue/, GVT, WALL & FLOOR, WOODENZA,600,600, WOOD, WOODEN, WANGUE,0.49,0.36,0.28,15.5,0,0,0,0,1,0,0
686,1686,SERA STONE BIANCO,https://varmora.com/product/floor-tiles/sera-stone-bianco/, GVT, WALL & FLOOR, EMRALD,600,600, CEMENT, RUSTIC MATT, BIANCO,0.9,0.86,0.82,15.5,1,0,0,0,0,0,0
687,1687,SERA STONE COPPER,https://varmora.com/product/floor-tiles/sera-stone-copper/, GVT, WALL & FLOOR, EMRALD,600,600, CEMENT, RUSTIC MATT, COPPER,0.73,0.57,0.44,15.5,1,0,0,0,0,0,0
688,1688,SERA STONE CREMA,https://varmora.com/product/floor-tiles/sera-stone-crema/, GVT, WALL & FLOOR, EMRALD,600,600, CEMENT, RUSTIC MATT, CREAM,0.86,0.82,0.78,15.5,1,0,0,0,0,0,0
690,1690,SERA STONE NERO,https://varmora.com/product/floor-tiles/sera-stone-nero/, GVT, WALL & FLOOR, EMRALD,600,600, CEMENT, RUSTIC MATT, NERO,0.51,0.48,0.47,15.5,1,0,0,0,0,0,0
697,1697,SEVILLA,https://varmora.com/product/floor-tiles/sevilla/, VITRIFIED, WALL & FLOOR, SASSO,600,600, MARBLE, GLOSSY, IVORY,0.9,0.86,0.77,15.5,0,0,0,1,0,0,0
698,1698,SIFON BIANCO,https://varmora.com/product/floor-tiles/sifon-bianco/, GVT, WALL & FLOOR, EMRALD,600,600, STONE, MATT, BIANCO,0.93,0.9,0.85,15.5,1,0,0,0,0,0,0
699,1699,SIFON DOVE,https://varmora.com/product/floor-tiles/sifon-dove/, GVT, WALL & FLOOR, EMRALD,600,600, STONE, MATT, DOVE,0.89,0.88,0.84,15.5,1,0,0,0,0,0,0
700,1700,SIFON GRISS,https://varmora.com/product/floor-tiles/sifon-griss/, GVT, WALL & FLOOR, EMRALD,600,600, STONE, MATT, GRISS,0.77,0.74,0.68,15.5,1,0,0,0,0,0,0
701,1701,SIFON TUSK,https://varmora.com/product/floor-tiles/sifon-tusk/, GVT, WALL & FLOOR, EMRALD,600,600, STONE, MATT, TUSK,0.94,0.91,0.87,15.5,1,0,0,0,0,0,0
727,1727,SPACTROM BIANCO,https://varmora.com/product/floor-tiles/spactrom-bianco/, GVT, WALL & FLOOR, ATLAS,600,600, MARBLE, GLOSSY, BIANCO,0.93,0.92,0.92,15.5,0,1,0,0,0,0,0
728,1728,SPACTROM DOVE,https://varmora.com/product/floor-tiles/spactrom-dove/, GVT, WALL & FLOOR, ATLAS,600,600, MARBLE, GLOSSY, DOVE,0.84,0.83,0.82,15.5,0,1,0,0,0,0,0
731,1731,SPENDID BEIGE,https://varmora.com/product/floor-tiles/spendid-beige/, GVT, WALL & FLOOR, EMRALD,600,600, CEMENT, MATT, BEIGE,0.84,0.75,0.69,15.5,0,0,0,1,0,0,0
732,1732,SPENDID BROWN,https://varmora.com/product/floor-tiles/spendid-brown/, GVT, WALL & FLOOR, EMRALD,600,600, CEMENT, MATT, BROWN,0.52,0.4,0.35,15.5,0,0,0,1,0,0,0
734,1734,SPENDID GREY,https://varmora.com/product/floor-tiles/spendid-grey/, GVT, WALL & FLOOR, EMRALD,600,600, CEMENT, MATT, GREY,0.79,0.73,0.72,15.5,0,0,0,1,0,0,0
736,1736,SPENDID NATURAL,https://varmora.com/product/floor-tiles/spendid-natural/, GVT, WALL & FLOOR, EMRALD,600,600, CEMENT, MATT, NATURAL,0.55,0.48,0.46,15.5,0,0,0,1,0,0,0
737,1737,SPERENZA CORAL,https://varmora.com/product/floor-tiles/sperenza-coral/, DOUBLE CHARGE, WALL & FLOOR, SPERENZA,600,600, MARBLE, GLOSSY, PINK,0.97,0.93,0.9,15.5,1,0,0,0,0,0,0
738,1738,SPERENZA GREEN,https://varmora.com/product/floor-tiles/sperenza-green/, DOUBLE CHARGE, WALL & FLOOR, SPERENZA,600,600, MARBLE, GLOSSY, GREEN,0.86,0.88,0.82,15.5,0,0,0,0,1,0,1
739,1739,SPERENZA GREY,https://varmora.com/product/floor-tiles/sperenza-grey/, DOUBLE CHARGE, WALL & FLOOR, SPERENZA,600,600, MARBLE, GLOSSY, GREY,0.89,0.88,0.84,15.5,0,0,0,0,0,1,0
740,1740,SPERENZA WHITE PLUS,https://varmora.com/product/floor-tiles/sperenza-white-plus/, DOUBLE CHARGE, WALL & FLOOR, SPERENZA,600,600, MARBLE, GLOSSY, WHITE,0.96,0.95,0.91,15.5,1,0,1,0,0,1,0
750,1750,STATUARIO,https://varmora.com/product/floor-tiles/statuario/, GVT, WALL & FLOOR, XTREAM,600,600, MARBLE, GLOSSY, WHITE,0.99,0.99,0.99,15.5,1,0,0,0,0,0,0
757,1757,STEN,https://varmora.com/product/floor-tiles/sten/, GVT, WALL & FLOOR, XTREAM,600,600, PEBBLES, GLOSSY, WHITE,0.85,0.84,0.84,15.5,0,1,0,0,0,0,0
764,1764,STREAM,https://varmora.com/product/floor-tiles/stream/, VITRIFIED, WALL & FLOOR, SASSO,600,600, MARBLE, GLOSSY, IVORY,0.95,0.92,0.87,15.5,1,0,0,0,0,1,0
766,1766,SYBER CASHMIRE,https://varmora.com/product/floor-tiles/syber-cashmire/, GVT, WALL & FLOOR, XTREAM,600,600, MARBLE, GLOSSY, BEIGE,0.87,0.82,0.75,15.5,0,0,0,1,0,0,0
767,1767,TARUM,https://varmora.com/product/floor-tiles/tarum/, GVT, WALL & FLOOR, XTREAM,600,600, GEOMETRIC, GLOSSY, WHITE,0.82,0.81,0.8,15.5,0,1,0,0,0,0,0
773,1773,TECH STONE BLACK,https://varmora.com/product/floor-tiles/tech-stone-black/, FULLBODY, OUTDOOR & INDOOR, TECH STONE DK,600,600, S&P, MATT, BLACK,0.34,0.34,0.34,7.75,1,0,0,0,0,1,0
774,1774,TECH STONE CHOCO,https://varmora.com/product/floor-tiles/tech-stone-choco/, FULLBODY, OUTDOOR & INDOOR, TECH STONE DK,600,600, S&P, MATT, CHOCO,0.51,0.44,0.42,7.75,1,0,0,0,0,1,0
775,1775,TECH STONE GREY,https://varmora.com/product/floor-tiles/tech-stone-grey/, FULLBODY, OUTDOOR & INDOOR, TECH STONE LT,600,600, S&P, MATT, GREY,0.71,0.69,0.7,7.75,1,0,0,0,0,1,0
776,1776,TECH STONE IVORY,https://varmora.com/product/floor-tiles/tech-stone-ivory/, FULLBODY, OUTDOOR & INDOOR, TECH STONE LT,600,600, S&P, MATT, IVORY,0.9,0.86,0.81,7.75,1,0,0,0,0,1,0
777,1777,TELAR,https://varmora.com/product/floor-tiles/telar/, GVT, WALL & FLOOR, XTREAM,600,600, GEOMETRIC, GLOSSY, GREY,0.64,0.64,0.64,15.5,0,1,0,0,0,0,0
779,1779,TERASTONE BEIGE,https://varmora.com/product/floor-tiles/terastone-beige/, FULLBODY, OUTDOOR & INDOOR, TERASTONE LT,600,600, STONE, MATT, BEIGE,0.79,0.71,0.61,15.5,1,0,0,0,0,0,0
780,1780,TERASTONE CHOCO,https://varmora.com/product/floor-tiles/terastone-choco/, FULLBODY, OUTDOOR & INDOOR, TERASTONE DK,600,600, S&P, MATT, CHOCO,0.41,0.36,0.32,15.5,1,0,0,0,0,1,0
781,1781,TERASTONE CREMA,https://varmora.com/product/floor-tiles/terastone-crema/, FULLBODY, OUTDOOR & INDOOR, TERASTONE LT,600,600, STONE, MATT, CREAM,0.93,0.86,0.75,15.5,1,0,0,0,0,1,0
782,1782,TERASTONE NERO,https://varmora.com/product/floor-tiles/terastone-nero/, FULLBODY, OUTDOOR & INDOOR, TERASTONE DK,600,600, S&N, MATT, NERO,0.41,0.41,0.39,15.5,1,0,0,0,0,1,0
783,1783,TERASTONE OLIVE,https://varmora.com/product/floor-tiles/terastone-olive/, FULLBODY, OUTDOOR & INDOOR, TERASTONE LT,600,600, STONE, MATT, OLIVE,0.82,0.8,0.74,15.5,1,0,0,0,0,1,0
784,1784,TERASTONE PEARL,https://varmora.com/product/floor-tiles/terastone-pearl/, FULLBODY, OUTDOOR & INDOOR, TERASTONE LT,600,600, STONE, MATT, PEARL,0.73,0.73,0.71,15.5,1,0,0,0,0,1,0
785,1785,TERASTONE VERDE,https://varmora.com/product/floor-tiles/terastone-verde/, FULLBODY, OUTDOOR & INDOOR, TERASTONE DK,600,600, STONE, MATT, VERDE,0.64,0.64,0.57,15.5,1,0,0,0,0,1,0
786,1786,TERRACOTTA,https://varmora.com/product/floor-tiles/terracotta/, VITRIFIED, WALL & FLOOR, SASSO,600,600, MARBLE, GLOSSY, TERASTONE,0.51,0.34,0.29,15.5,1,0,0,0,0,1,0
792,1792,TIANNA,https://varmora.com/product/floor-tiles/tianna/, GVT, WALL & FLOOR, XTREAM,600,600, FLOWER, GLOSSY, BEIGE,0.93,0.9,0.87,15.5,0,0,1,0,0,0,0
801,1801,TRAVERTINO BEIGE,https://varmora.com/product/floor-tiles/travertino-beige/, GVT, WALL & FLOOR, SUPERBO,600,600, MARBLE, GLOSSY, BEIGE,0.9,0.84,0.73,15.5,0,0,0,0,1,1,0
802,1802,TRAVERTINO GREY,https://varmora.com/product/floor-tiles/travertino-grey/, GVT, WALL & FLOOR, XTREAM,600,600, MARBLE, GLOSSY, GREY,0.83,0.82,0.8,15.5,0,0,0,0,1,1,0
805,1805,TRENZO TUSK,https://varmora.com/product/floor-tiles/trenzo-tusk/, GVT, WALL & FLOOR, SUPERBO,600,600, MARBLE, GLOSSY, TUSK,0.9,0.82,0.71,15.5,0,0,1,1,0,0,0
815,1815,ULTRON BROWN,https://varmora.com/product/floor-tiles/ultron-brown/, GVT, WALL & FLOOR, SUPERBO,600,600, MARBLE, GLOSSY, BROWN,0.65,0.53,0.43,15.5,0,0,1,1,0,0,0
817,1817,ULTRON IVORY,https://varmora.com/product/floor-tiles/ultron-ivory/, GVT, WALL & FLOOR, SUPERBO,600,600, MARBLE, GLOSSY, IVORY,0.93,0.86,0.75,15.5,0,0,1,1,0,0,0
822,1822,VALIAT,https://varmora.com/product/floor-tiles/valiat/, GVT, WALL & FLOOR, ATLAS,600,600, MARBLE, GLOSSY, GREY,0.7,0.68,0.65,15.5,0,1,0,0,0,0,0
825,1825,VERSALITE,https://varmora.com/product/floor-tiles/versalite/, VITRIFIED, WALL & FLOOR, SASSO,600,600, MARBLE, GLOSSY, IVORY,0.91,0.87,0.79,15.5,0,0,1,1,0,0,0
848,1848,VRM 1103,https://varmora.com/product/floor-tiles/vrm-1103/, PORCELAIN, WALL & FLOOR, GRACIA,600,600, WOOD, MATT, BEIGE,0.88,0.8,0.71,15.5,0,0,0,0,1,0,0
849,1849,VRM 1104,https://varmora.com/product/floor-tiles/vrm-1104/, PORCELAIN, WALL & FLOOR, GRACIA,600,600, WOOD, MATT, BROWN,0.47,0.3,0.13,15.5,0,0,0,0,1,0,0
850,1850,VRM 1107,https://varmora.com/product/floor-tiles/vrm-1107/, PORCELAIN, WALL & FLOOR, GRACIA,600,600, WOOD, MATT, BEIGE,0.72,0.61,0.5,15.5,0,0,0,0,1,0,0
851,1851,VRM 1114,https://varmora.com/product/floor-tiles/vrm-1114/, PORCELAIN, WALL & FLOOR, GRACIA,600,600, GEOMETRIC, MATT, BEIGE,0.75,0.64,0.55,15.5,0,1,0,0,1,0,0
852,1852,VRM 3013,https://varmora.com/product/floor-tiles/vrm-3013/, PORCELAIN, WALL & FLOOR, GRACIA,600,600, WOOD, MATT, BROWN,0.67,0.56,0.46,15.5,0,1,0,0,0,0,0
853,1853,VRM 3018,https://varmora.com/product/floor-tiles/vrm-3018/, PORCELAIN, WALL & FLOOR, GRACIA,600,600, WOOD, MATT, WHITE,0.85,0.83,0.8,15.5,0,0,0,0,0,1,0
854,1854,VRM 3019,https://varmora.com/product/floor-tiles/vrm-3019/, PORCELAIN, WALL & FLOOR, GRACIA,600,600, WOOD, MATT, BLACK,0.59,0.52,0.46,15.5,0,1,0,0,0,0,0
855,1855,VRM 3020,https://varmora.com/product/floor-tiles/vrm-3020/, PORCELAIN, WALL & FLOOR, GRACIA,600,600, WOOD, MATT, BEIGE,0.75,0.59,0.44,15.5,0,0,0,0,1,0,0
856,1856,VRM 3021,https://varmora.com/product/floor-tiles/vrm-3021/, PORCELAIN, WALL & FLOOR, GRACIA,600,600, WOOD, MATT, BROWN,0.69,0.49,0.33,15.5,0,0,0,0,1,0,0
857,1857,VRM 3022,https://varmora.com/product/floor-tiles/vrm-3022/, PORCELAIN, WALL & FLOOR, GRACIA,600,600, WOOD, MATT, MULTI,0.67,0.55,0.43,15.5,0,1,0,0,0,0,0
858,1858,VRM 3023,https://varmora.com/product/floor-tiles/vrm-3023/, PORCELAIN, WALL & FLOOR, GRACIA,600,600, WOOD, MATT, BEIGE,0.78,0.6,0.42,15.5,0,1,0,0,0,0,0
859,1859,VRM 4003,https://varmora.com/product/floor-tiles/vrm-4003/, PORCELAIN, WALL & FLOOR, GRACIA,600,600, MARBLE, MATT, WHITE,0.99,0.99,0.98,15.5,1,0,0,0,0,0,0
860,1860,VRM 4004,https://varmora.com/product/floor-tiles/vrm-4004/, PORCELAIN, WALL & FLOOR, GRACIA,600,600, MARBLE, MATT, BEIGE,0.93,0.91,0.84,15.5,1,0,1,0,0,0,0
861,1861,VRM 4005,https://varmora.com/product/floor-tiles/vrm-4005/, PORCELAIN, WALL & FLOOR, GRACIA,600,600, WOOD, MATT, BEIGE,0.75,0.66,0.54,15.5,0,1,0,0,1,0,0
862,1862,VRM 5001,https://varmora.com/product/floor-tiles/vrm-5001/, PORCELAIN, WALL & FLOOR, GRACIA,600,600, WOOD, MATT, BROWN,0.77,0.57,0.44,15.5,0,1,0,0,1,0,0
863,1863,VRM 5002,https://varmora.com/product/floor-tiles/vrm-5001-2/, PORCELAIN, WALL & FLOOR, GRACIA,600,600, WOOD, MATT, BROWN,0.66,0.57,0.5,15.5,0,1,0,0,1,0,0
864,1864,VRM 5003,https://varmora.com/product/floor-tiles/vrm-5003/, PORCELAIN, WALL & FLOOR, GRACIA,600,600, WOOD, MATT, BROWN,0.81,0.64,0.52,15.5,0,1,0,0,1,0,0
865,1865,VRM 5004,https://varmora.com/product/floor-tiles/vrm-5004/, PORCELAIN, WALL & FLOOR, GRACIA,600,600, WOOD, MATT, BEIGE,0.86,0.71,0.57,15.5,0,1,0,0,1,0,0
866,1866,VRM 5005,https://varmora.com/product/floor-tiles/vrm-5005/, PORCELAIN, WALL & FLOOR, GRACIA,600,600, WOOD, MATT, BLACK,0.55,0.51,0.48,15.5,0,1,0,0,1,0,0
867,1867,VRM 5006,https://varmora.com/product/floor-tiles/vrm-5006/, PORCELAIN, WALL & FLOOR, GRACIA,600,600, WOOD, MATT, GREY,0.62,0.61,0.61,15.5,0,1,0,0,1,0,0
868,1868,VRM 5007,https://varmora.com/product/floor-tiles/vrm-5007/, PORCELAIN, WALL & FLOOR, GRACIA,600,600, WOOD, MATT, BIANCO,0.95,0.93,0.91,15.5,0,1,0,0,1,0,0
869,1869,VRM 5008,https://varmora.com/product/floor-tiles/vrm-5008/, PORCELAIN, WALL & FLOOR, GRACIA,600,600, CEMENT, MATT, GREY,0.59,0.55,0.5,15.5,0,1,0,0,1,0,0
870,1870,VRM 5009,https://varmora.com/product/floor-tiles/vrm-5009/, PORCELAIN, WALL & FLOOR, GRACIA,600,600, WOOD, MATT, GREY,0.75,0.75,0.73,15.5,0,1,0,0,1,0,0
871,1871,VRM 5010,https://varmora.com/product/floor-tiles/vrm-5010/, PORCELAIN, WALL & FLOOR, GRACIA,600,600, WOOD, MATT, BEIGE,0.79,0.67,0.57,15.5,0,1,0,0,1,0,0
872,1872,VRM 5011,https://varmora.com/product/floor-tiles/vrm-5011/, PORCELAIN, WALL & FLOOR, GRACIA,600,600, WOOD, MATT, BROWN,0.68,0.54,0.42,15.5,0,1,0,0,1,0,0
873,1873,VRM 5012,https://varmora.com/product/floor-tiles/vrm-5012/, PORCELAIN, WALL & FLOOR, GRACIA,600,600, WOOD, MATT, BROWN,0.44,0.27,0.14,15.5,0,0,0,0,1,1,0
874,1874,VRM 5013,https://varmora.com/product/floor-tiles/vrm-5013/, PORCELAIN, WALL & FLOOR, GRACIA,600,600, WOOD, MATT, BROWN,0.25,0.15,0.07,15.5,0,0,0,0,1,1,0
875,1875,VRM 5014,https://varmora.com/product/floor-tiles/vrm-5014/, PORCELAIN, WALL & FLOOR, GRACIA,600,600, WOOD, MATT, BROWN,0.44,0.24,0.1,15.5,0,0,0,0,1,1,0
876,1876,VRM 5015,https://varmora.com/product/floor-tiles/vrm-5015/, PORCELAIN, WALL & FLOOR, GRACIA,600,600, WOOD, MATT, BROWN,0.3,0.18,0.1,15.5,0,0,0,0,1,1,0
877,1877,VRM 5016,https://varmora.com/product/floor-tiles/vrm-5016/, PORCELAIN, WALL & FLOOR, GRACIA,600,600, WOOD, MATT, IVORY,0.87,0.8,0.74,15.5,0,0,0,0,1,1,0
878,1878,VRM 5017,https://varmora.com/product/floor-tiles/vrm-5017/, PORCELAIN, WALL & FLOOR, GRACIA,600,600, WOOD, MATT, BROWN,0.34,0.23,0.14,15.5,0,0,0,1,1,0,0
879,1879,VRM 5018,https://varmora.com/product/floor-tiles/vrm-5018/, PORCELAIN, WALL & FLOOR, GRACIA,600,600, WOOD, MATT, BROWN,0.38,0.3,0.23,15.5,0,0,0,1,1,0,0
880,1880,VRM 6001,https://varmora.com/product/floor-tiles/vrm-6001/, PORCELAIN, WALL & FLOOR, GRACIA,600,600, WOOD, MATT, BEIGE,0.68,0.46,0.29,15.5,0,0,0,0,1,1,0
881,1881,VRM 6002,https://varmora.com/product/floor-tiles/vrm-6002/, PORCELAIN, WALL & FLOOR, GRACIA,600,600, WOOD, MATT, BROWN,0.63,0.39,0.23,15.5,0,0,0,0,1,1,0
882,1882,VRM 6003,https://varmora.com/product/floor-tiles/vrm-6003/, PORCELAIN, WALL & FLOOR, GRACIA,600,600, WOOD, MATT, BROWN,0.38,0.25,0.16,15.5,0,0,0,0,1,1,0
883,1883,VRM 6004,https://varmora.com/product/floor-tiles/vrm-6004/, PORCELAIN, WALL & FLOOR, GRACIA,600,600, WOOD, MATT, BEIGE,0.8,0.71,0.6,15.5,0,1,0,0,0,0,0
884,1884,VRM 6005,https://varmora.com/product/floor-tiles/vrm-6005/, PORCELAIN, WALL & FLOOR, GRACIA,600,600, WOOD, MATT, BROWN,0.7,0.52,0.37,15.5,0,1,0,0,0,0,0
885,1885,VRM 6006,https://varmora.com/product/floor-tiles/vrm-6006/, PORCELAIN, WALL & FLOOR, GRACIA,600,600, WOOD, MATT, MULTI,0.59,0.46,0.32,15.5,0,1,0,0,0,0,0
886,1886,VRM 6007,https://varmora.com/product/floor-tiles/vrm-6007/, PORCELAIN, WALL & FLOOR, GRACIA,600,600, WOOD, MATT, IVORY,0.69,0.61,0.57,15.5,0,1,0,0,0,0,0
887,1887,VRM 6008,https://varmora.com/product/floor-tiles/vrm-6008/, PORCELAIN, WALL & FLOOR, GRACIA,600,600, WOOD, MATT, MULTI,0.66,0.61,0.56,15.5,0,1,0,0,0,0,0
888,1888,VRM 6009,https://varmora.com/product/floor-tiles/vrm-6009/, PORCELAIN, WALL & FLOOR, GRACIA,600,600, WOOD, MATT, BEIGE,0.81,0.59,0.39,15.5,0,1,0,0,0,0,0
889,1889,VRM 6010,https://varmora.com/product/floor-tiles/vrm-6010/, PORCELAIN, WALL & FLOOR, GRACIA,600,600, WOOD, MATT, BROWN,0.66,0.61,0.54,15.5,0,0,0,0,1,0,0
890,1890,VRM 6011,https://varmora.com/product/floor-tiles/vrm-6011/, PORCELAIN, WALL & FLOOR, GRACIA,600,600, WOOD, MATT, GREY,0.75,0.71,0.64,15.5,0,1,0,0,0,0,0
891,1891,VRM 7001,https://varmora.com/product/floor-tiles/vrm-7001/, PORCELAIN, WALL & FLOOR, GRACIA,600,600, MARBLE, MATT, BEIGE,0.95,0.91,0.88,15.5,0,0,0,0,0,1,0
892,1892,VRM 7002,https://varmora.com/product/floor-tiles/vrm-7002/, PORCELAIN, WALL & FLOOR, GRACIA,600,600, MARBLE, MATT, BEIGE,0.93,0.89,0.85,15.5,1,0,0,0,0,0,0
893,1893,VRM 7003,https://varmora.com/product/floor-tiles/vrm-7003/, PORCELAIN, WALL & FLOOR, GRACIA,600,600, MARBLE, MATT, BEIGE,0.95,0.91,0.84,15.5,1,0,0,0,0,0,0
894,1894,VRM 7004,https://varmora.com/product/floor-tiles/vrm-7004/, PORCELAIN, WALL & FLOOR, GRACIA,600,600, MARBLE, MATT, BEIGE,0.95,0.89,0.84,15.5,0,0,0,1,0,0,0
895,1895,VRM 7005,https://varmora.com/product/floor-tiles/vrm-7005/, PORCELAIN, WALL & FLOOR, GRACIA,600,600, STONE, MATT, BROWN,0.58,0.4,0.28,15.5,0,0,0,0,0,1,0
896,1896,VRM 7006,https://varmora.com/product/floor-tiles/vrm-7006/, PORCELAIN, WALL & FLOOR, GRACIA,600,600, STONE, MATT, IVORY,0.86,0.77,0.69,15.5,0,0,0,0,0,1,0
897,1897,VRM 7007,https://varmora.com/product/floor-tiles/vrm-7007/, PORCELAIN, WALL & FLOOR, GRACIA,600,600, MARBLE, MATT, BEIGE,0.88,0.81,0.77,15.5,0,1,0,0,0,0,0
898,1898,VRM 7008,https://varmora.com/product/floor-tiles/vrm-7008/, PORCELAIN, WALL & FLOOR, GRACIA,600,600, MARBLE, MATT, BROWN,0.77,0.66,0.58,15.5,0,1,0,0,0,0,0
899,1899,VRM 7009,https://varmora.com/product/floor-tiles/vrm-7009/, PORCELAIN, WALL & FLOOR, GRACIA,600,600, MARBLE, MATT, GREY,0.8,0.8,0.82,15.5,0,1,0,0,0,0,0
900,1900,VRM 7021,https://varmora.com/product/floor-tiles/vrm-7021/, PORCELAIN, WALL & FLOOR, GRACIA,600,600, STONE, MATT, BROWN,0.4,0.27,0.18,15.5,0,0,0,0,0,1,0
901,1901,VRM 7022,https://varmora.com/product/floor-tiles/vrm-7022/, PORCELAIN, WALL & FLOOR, GRACIA,600,600, STONE, MATT, BROWN,0.57,0.45,0.38,15.5,0,0,0,0,0,1,0
902,1902,VRM 7023,https://varmora.com/product/floor-tiles/vrm-7023/, PORCELAIN, WALL & FLOOR, GRACIA,600,600, CEMENT, MATT, BLACK,0.35,0.35,0.36,15.5,0,0,0,0,0,1,0
903,1903,VRM 7024,https://varmora.com/product/floor-tiles/vrm-7024/, PORCELAIN, WALL & FLOOR, GRACIA,600,600, STONE, MATT, BEIGE,0.89,0.84,0.8,15.5,0,0,0,0,0,1,0
904,1904,VRM 7025,https://varmora.com/product/floor-tiles/vrm-7025/, PORCELAIN, WALL & FLOOR, GRACIA,600,600, CEMENT, MATT, BEIGE,0.94,0.9,0.84,15.5,0,0,0,0,0,1,0
905,1905,VRM 7026,https://varmora.com/product/floor-tiles/vrm-7026/, PORCELAIN, WALL & FLOOR, GRACIA,600,600, MARBLE, MATT, WHITE,0.98,0.98,0.98,15.5,0,0,0,1,0,0,0
906,1906,VRM 7027,https://varmora.com/product/floor-tiles/vrm-7027/, PORCELAIN, WALL & FLOOR, GRACIA,600,600, MARBLE, MATT, BEIGE,0.93,0.88,0.84,15.5,0,0,0,1,0,0,0
907,1907,VRM 7028,https://varmora.com/product/floor-tiles/vrm-7028/, PORCELAIN, WALL & FLOOR, GRACIA,600,600, MARBLE, MATT, BEIGE,0.95,0.9,0.84,15.5,0,0,0,1,0,0,0
908,1908,VRM 7029,https://varmora.com/product/floor-tiles/vrm-7029/, PORCELAIN, WALL & FLOOR, GRACIA,600,600, MARBLE, MATT, BEIGE,0.87,0.84,0.8,15.5,0,0,0,0,0,0,1
924,1924,WOODLAND,https://varmora.com/product/floor-tiles/woodland/, VITRIFIED, WALL & FLOOR, SASSO,600,600, WOOD, GLOSSY, IVORY,0.94,0.88,0.79,15.5,0,0,1,0,1,0,0
931,1931,ZINNOBER,https://varmora.com/product/floor-tiles/zinnober/, VITRIFIED, WALL & FLOOR, SASSO,600,600, MARBLE, GLOSSY, IVORY,0.88,0.86,0.79,15.5,1,0,0,0,0,1,0
